,x axis,y axis,z axis,tester,activity
440436,33,40,51,m9,Pour_water
440437,34,41,51,m9,Pour_water
440438,33,42,51,m9,Pour_water
440439,33,40,51,m9,Pour_water
440440,34,41,51,m9,Pour_water
440441,34,40,50,m9,Pour_water
440442,34,42,49,m9,Pour_water
440443,34,40,51,m9,Pour_water
440444,34,41,51,m9,Pour_water
440445,35,41,51,m9,Pour_water
440446,35,40,51,m9,Pour_water
440447,34,41,51,m9,Pour_water
440448,32,42,51,m9,Pour_water
440449,35,41,51,m9,Pour_water
440450,34,40,50,m9,Pour_water
440451,33,42,51,m9,Pour_water
440452,34,41,50,m9,Pour_water
440453,33,42,52,m9,Pour_water
440454,33,41,52,m9,Pour_water
440455,35,42,52,m9,Pour_water
440456,33,40,51,m9,Pour_water
440457,34,41,51,m9,Pour_water
440458,34,41,51,m9,Pour_water
440459,33,41,52,m9,Pour_water
440460,34,41,51,m9,Pour_water
440461,34,42,51,m9,Pour_water
440462,33,41,51,m9,Pour_water
440463,34,41,51,m9,Pour_water
440464,34,41,52,m9,Pour_water
440465,34,41,51,m9,Pour_water
440466,34,40,51,m9,Pour_water
440467,34,39,52,m9,Pour_water
440468,33,41,51,m9,Pour_water
440469,34,41,52,m9,Pour_water
440470,34,42,52,m9,Pour_water
440471,33,43,52,m9,Pour_water
440472,33,38,51,m9,Pour_water
440473,32,40,53,m9,Pour_water
440474,33,41,51,m9,Pour_water
440475,35,41,52,m9,Pour_water
440476,34,41,53,m9,Pour_water
440477,35,41,51,m9,Pour_water
440478,35,41,52,m9,Pour_water
440479,38,39,51,m9,Pour_water
440480,38,40,51,m9,Pour_water
440481,38,41,50,m9,Pour_water
440482,39,43,49,m9,Pour_water
440483,40,43,50,m9,Pour_water
440484,42,43,49,m9,Pour_water
440485,40,42,49,m9,Pour_water
440486,41,41,50,m9,Pour_water
440487,41,42,46,m9,Pour_water
440488,40,42,48,m9,Pour_water
440489,39,44,48,m9,Pour_water
440490,40,43,48,m9,Pour_water
440491,39,42,47,m9,Pour_water
440492,39,42,49,m9,Pour_water
440493,37,40,48,m9,Pour_water
440494,36,42,49,m9,Pour_water
440495,37,43,51,m9,Pour_water
440496,36,41,50,m9,Pour_water
440497,36,43,51,m9,Pour_water
440498,35,50,52,m9,Pour_water
440499,38,42,46,m9,Pour_water
440500,38,42,51,m9,Pour_water
440501,37,43,48,m9,Pour_water
440502,37,43,49,m9,Pour_water
440503,37,43,51,m9,Pour_water
440504,38,43,51,m9,Pour_water
440505,37,44,51,m9,Pour_water
440506,38,41,51,m9,Pour_water
440507,39,41,52,m9,Pour_water
440508,38,42,52,m9,Pour_water
440509,38,42,53,m9,Pour_water
440510,38,42,51,m9,Pour_water
440511,39,40,52,m9,Pour_water
440512,37,40,51,m9,Pour_water
440513,38,39,50,m9,Pour_water
440514,36,37,51,m9,Pour_water
440515,36,37,50,m9,Pour_water
440516,38,35,50,m9,Pour_water
440517,37,34,51,m9,Pour_water
440518,36,34,50,m9,Pour_water
440519,36,33,51,m9,Pour_water
440520,36,33,51,m9,Pour_water
440521,35,33,52,m9,Pour_water
440522,36,32,52,m9,Pour_water
440523,35,32,53,m9,Pour_water
440524,34,32,53,m9,Pour_water
440525,33,30,53,m9,Pour_water
440526,33,30,53,m9,Pour_water
440527,34,29,53,m9,Pour_water
440528,33,29,55,m9,Pour_water
440529,32,28,53,m9,Pour_water
440530,32,27,52,m9,Pour_water
440531,32,26,53,m9,Pour_water
440532,33,27,53,m9,Pour_water
440533,30,27,52,m9,Pour_water
440534,32,26,51,m9,Pour_water
440535,30,26,52,m9,Pour_water
440536,30,25,52,m9,Pour_water
440537,31,27,51,m9,Pour_water
440538,31,26,51,m9,Pour_water
440539,31,26,51,m9,Pour_water
440540,31,25,52,m9,Pour_water
440541,31,24,52,m9,Pour_water
440542,30,24,51,m9,Pour_water
440543,30,23,51,m9,Pour_water
440544,31,23,51,m9,Pour_water
440545,31,24,51,m9,Pour_water
440546,30,22,51,m9,Pour_water
440547,30,22,50,m9,Pour_water
440548,29,22,50,m9,Pour_water
440549,31,23,51,m9,Pour_water
440550,30,23,50,m9,Pour_water
440551,30,24,50,m9,Pour_water
440552,31,21,50,m9,Pour_water
440553,30,24,50,m9,Pour_water
440554,30,22,50,m9,Pour_water
440555,31,22,50,m9,Pour_water
440556,29,22,49,m9,Pour_water
440557,30,22,49,m9,Pour_water
440558,30,21,49,m9,Pour_water
440559,30,22,50,m9,Pour_water
440560,30,21,49,m9,Pour_water
440561,29,20,49,m9,Pour_water
440562,30,22,50,m9,Pour_water
440563,30,22,50,m9,Pour_water
440564,30,21,48,m9,Pour_water
440565,30,21,49,m9,Pour_water
440566,30,20,48,m9,Pour_water
440567,30,20,50,m9,Pour_water
440568,29,22,49,m9,Pour_water
440569,30,21,49,m9,Pour_water
440570,31,20,48,m9,Pour_water
440571,31,19,48,m9,Pour_water
440572,30,20,48,m9,Pour_water
440573,30,21,49,m9,Pour_water
440574,29,21,49,m9,Pour_water
440575,30,22,50,m9,Pour_water
440576,29,19,51,m9,Pour_water
440577,30,20,49,m9,Pour_water
440578,29,22,49,m9,Pour_water
440579,29,20,49,m9,Pour_water
440580,30,19,50,m9,Pour_water
440581,29,20,50,m9,Pour_water
440582,30,21,50,m9,Pour_water
440583,29,23,49,m9,Pour_water
440584,30,21,50,m9,Pour_water
440585,29,21,48,m9,Pour_water
440586,30,21,49,m9,Pour_water
440587,29,20,48,m9,Pour_water
440588,30,21,49,m9,Pour_water
440589,31,21,48,m9,Pour_water
440590,29,21,49,m9,Pour_water
440591,30,22,50,m9,Pour_water
440592,30,20,48,m9,Pour_water
440593,29,20,49,m9,Pour_water
440594,30,19,49,m9,Pour_water
440595,30,21,49,m9,Pour_water
440596,30,21,49,m9,Pour_water
440597,29,20,49,m9,Pour_water
440598,30,21,49,m9,Pour_water
440599,30,20,50,m9,Pour_water
440600,30,21,48,m9,Pour_water
440601,30,21,49,m9,Pour_water
440602,30,22,50,m9,Pour_water
440603,29,21,49,m9,Pour_water
440604,31,21,49,m9,Pour_water
440605,30,20,50,m9,Pour_water
440606,30,22,49,m9,Pour_water
440607,30,21,49,m9,Pour_water
440608,30,22,50,m9,Pour_water
440609,30,22,49,m9,Pour_water
440610,31,22,49,m9,Pour_water
440611,30,22,49,m9,Pour_water
440612,31,21,48,m9,Pour_water
440613,30,19,48,m9,Pour_water
440614,30,20,49,m9,Pour_water
440615,28,21,49,m9,Pour_water
440616,30,20,49,m9,Pour_water
440617,30,22,49,m9,Pour_water
440618,29,20,48,m9,Pour_water
440619,29,22,50,m9,Pour_water
440620,29,20,49,m9,Pour_water
440621,30,21,49,m9,Pour_water
440622,29,22,49,m9,Pour_water
440623,30,20,49,m9,Pour_water
440624,30,21,48,m9,Pour_water
440625,30,20,49,m9,Pour_water
440626,29,21,49,m9,Pour_water
440627,30,20,49,m9,Pour_water
440628,30,21,50,m9,Pour_water
440629,30,21,49,m9,Pour_water
440630,29,21,49,m9,Pour_water
440631,30,21,50,m9,Pour_water
440632,29,21,50,m9,Pour_water
440633,30,21,49,m9,Pour_water
440634,28,20,48,m9,Pour_water
440635,30,20,49,m9,Pour_water
440636,29,20,49,m9,Pour_water
440637,29,20,49,m9,Pour_water
440638,30,20,50,m9,Pour_water
440639,30,21,49,m9,Pour_water
440640,29,21,49,m9,Pour_water
440641,29,21,49,m9,Pour_water
440642,28,21,49,m9,Pour_water
440643,31,20,49,m9,Pour_water
440644,31,20,48,m9,Pour_water
440645,30,21,49,m9,Pour_water
440646,30,20,48,m9,Pour_water
440647,30,20,49,m9,Pour_water
440648,30,20,49,m9,Pour_water
440649,30,21,49,m9,Pour_water
440650,31,21,48,m9,Pour_water
440651,30,21,50,m9,Pour_water
440652,30,21,49,m9,Pour_water
440653,29,20,50,m9,Pour_water
440654,28,21,49,m9,Pour_water
440655,30,22,49,m9,Pour_water
440656,31,20,50,m9,Pour_water
440657,30,22,49,m9,Pour_water
440658,31,21,49,m9,Pour_water
440659,29,20,50,m9,Pour_water
440660,30,20,48,m9,Pour_water
440661,30,23,49,m9,Pour_water
440662,31,23,48,m9,Pour_water
440663,30,21,49,m9,Pour_water
440664,30,20,48,m9,Pour_water
440665,30,22,49,m9,Pour_water
440666,29,22,49,m9,Pour_water
440667,31,22,50,m9,Pour_water
440668,30,23,50,m9,Pour_water
440669,30,22,50,m9,Pour_water
440670,29,22,50,m9,Pour_water
440671,30,22,51,m9,Pour_water
440672,30,23,50,m9,Pour_water
440673,31,23,49,m9,Pour_water
440674,31,23,50,m9,Pour_water
440675,31,21,51,m9,Pour_water
440676,31,23,51,m9,Pour_water
440677,30,24,51,m9,Pour_water
440678,31,24,51,m9,Pour_water
440679,31,24,51,m9,Pour_water
440680,31,25,51,m9,Pour_water
440681,31,26,51,m9,Pour_water
440682,32,24,51,m9,Pour_water
440683,32,27,51,m9,Pour_water
440684,33,26,53,m9,Pour_water
440685,33,27,53,m9,Pour_water
440686,33,30,52,m9,Pour_water
440687,35,29,53,m9,Pour_water
440688,34,29,53,m9,Pour_water
440689,35,30,53,m9,Pour_water
440690,34,32,55,m9,Pour_water
440691,36,29,54,m9,Pour_water
440692,36,32,53,m9,Pour_water
440693,36,34,54,m9,Pour_water
440694,36,32,52,m9,Pour_water
440695,37,33,51,m9,Pour_water
440696,38,34,52,m9,Pour_water
440697,38,33,51,m9,Pour_water
440698,38,34,50,m9,Pour_water
440699,37,35,51,m9,Pour_water
440700,39,35,49,m9,Pour_water
440701,38,38,50,m9,Pour_water
440702,38,39,50,m9,Pour_water
440703,38,40,51,m9,Pour_water
440704,37,40,52,m9,Pour_water
440705,38,41,53,m9,Pour_water
440706,38,41,51,m9,Pour_water
440707,36,41,51,m9,Pour_water
440708,37,41,51,m9,Pour_water
440709,38,41,51,m9,Pour_water
440710,37,40,51,m9,Pour_water
440711,38,42,51,m9,Pour_water
440712,36,40,51,m9,Pour_water
440713,38,41,51,m9,Pour_water
440714,38,40,50,m9,Pour_water
440715,37,41,53,m9,Pour_water
440716,38,40,49,m9,Pour_water
440717,38,44,51,m9,Pour_water
440718,39,43,49,m9,Pour_water
440719,38,41,50,m9,Pour_water
440720,39,42,50,m9,Pour_water
440721,39,43,50,m9,Pour_water
440722,38,42,49,m9,Pour_water
440723,38,43,50,m9,Pour_water
440724,38,42,49,m9,Pour_water
440725,35,41,50,m9,Pour_water
440726,36,44,53,m9,Pour_water
440727,39,42,49,m9,Pour_water
440728,40,44,50,m9,Pour_water
440729,41,41,49,m9,Pour_water
440730,38,41,47,m9,Pour_water
440731,36,42,51,m9,Pour_water
440732,37,42,48,m9,Pour_water
440733,36,41,47,m9,Pour_water
440734,37,41,49,m9,Pour_water
440735,38,41,48,m9,Pour_water
440736,37,41,49,m9,Pour_water
440737,39,42,51,m9,Pour_water
440738,38,39,50,m9,Pour_water
440739,36,41,54,m9,Pour_water
440740,32,52,51,m9,Pour_water
440741,33,44,52,m9,Pour_water
440742,32,40,54,m9,Pour_water
440743,33,43,49,m9,Pour_water
440744,34,45,51,m9,Pour_water
440745,35,45,49,m9,Pour_water
440746,35,41,47,m9,Pour_water
440747,34,45,49,m9,Pour_water
440748,34,46,51,m9,Pour_water
440749,34,46,52,m9,Pour_water
440750,33,43,50,m9,Pour_water
440751,34,43,49,m9,Pour_water
440752,34,47,49,m9,Pour_water
440753,34,44,49,m9,Pour_water
440754,33,45,50,m9,Pour_water
440755,35,45,49,m9,Pour_water
440756,33,45,49,m9,Pour_water
440757,34,45,50,m9,Pour_water
440758,33,43,49,m9,Pour_water
440759,33,44,49,m9,Pour_water
440760,34,44,49,m9,Pour_water
440761,33,46,48,m9,Pour_water
440762,33,45,49,m9,Pour_water
440763,35,43,49,m9,Pour_water
440764,34,43,49,m9,Pour_water
440765,34,47,49,m9,Pour_water
440766,33,43,49,m9,Pour_water
440767,34,43,50,m9,Pour_water
440768,34,43,49,m9,Pour_water
440769,34,43,50,m9,Pour_water
440770,32,44,50,m9,Pour_water
440771,34,43,49,m9,Pour_water
440772,33,43,50,m9,Pour_water
440773,32,42,50,m9,Pour_water
440774,34,43,50,m9,Pour_water
440775,35,42,50,m9,Pour_water
440776,33,44,49,m9,Pour_water
440777,35,43,50,m9,Pour_water
440778,34,43,51,m9,Pour_water
440779,33,44,49,m9,Pour_water
440780,34,43,49,m9,Pour_water
440781,33,43,51,m9,Pour_water
440782,33,43,50,m9,Pour_water
440783,33,44,50,m9,Pour_water
440784,33,44,50,m9,Pour_water
440785,33,43,50,m9,Pour_water
440786,33,43,50,m9,Pour_water
440787,33,45,49,m9,Pour_water
440788,33,43,49,m9,Pour_water
440789,34,43,50,m9,Pour_water
440790,33,42,50,m9,Pour_water
440791,32,43,51,m9,Pour_water
440792,34,43,49,m9,Pour_water
440793,33,44,50,m9,Pour_water
440794,34,43,50,m9,Pour_water
440795,34,44,50,m9,Pour_water
440796,34,44,51,m9,Pour_water
440797,32,44,49,m9,Pour_water
440798,32,46,50,m9,Pour_water
440799,34,44,50,m9,Pour_water
440800,33,43,49,m9,Pour_water
440801,33,41,49,m9,Pour_water
440802,33,43,50,m9,Pour_water
440803,33,43,50,m9,Pour_water
440804,35,43,49,m9,Pour_water
440805,33,43,48,m9,Pour_water
440806,33,44,50,m9,Pour_water
440807,33,44,49,m9,Pour_water
440808,33,43,50,m9,Pour_water
440809,34,43,51,m9,Pour_water
440810,33,44,49,m9,Pour_water
440811,33,43,50,m9,Pour_water
440812,34,43,51,m9,Pour_water
440813,33,43,50,m9,Pour_water
440814,33,44,50,m9,Pour_water
440815,34,43,50,m9,Pour_water
440816,33,44,50,m9,Pour_water
440817,34,44,50,m9,Pour_water
440818,33,44,50,m9,Pour_water
440819,33,43,50,m9,Pour_water
440820,34,44,49,m9,Pour_water
440821,33,43,50,m9,Pour_water
440822,34,43,50,m9,Pour_water
440823,34,42,49,m9,Pour_water
440824,33,43,50,m9,Pour_water
440825,33,43,49,m9,Pour_water
440826,34,43,49,m9,Pour_water
440827,33,44,50,m9,Pour_water
440828,33,44,50,m9,Pour_water
440829,35,43,49,m9,Pour_water
444149,34,40,51,m9,Pour_water
444150,34,40,51,m9,Pour_water
444151,34,40,52,m9,Pour_water
444152,33,41,51,m9,Pour_water
444153,33,40,51,m9,Pour_water
444154,34,38,52,m9,Pour_water
444155,34,40,51,m9,Pour_water
444156,34,40,52,m9,Pour_water
444157,33,39,52,m9,Pour_water
444158,33,38,51,m9,Pour_water
444159,33,40,51,m9,Pour_water
444160,32,39,52,m9,Pour_water
444161,34,40,52,m9,Pour_water
444162,34,40,51,m9,Pour_water
444163,33,39,52,m9,Pour_water
444164,33,39,52,m9,Pour_water
444165,33,40,51,m9,Pour_water
444166,34,40,53,m9,Pour_water
444167,32,40,52,m9,Pour_water
444168,33,40,52,m9,Pour_water
444169,33,40,51,m9,Pour_water
444170,33,39,52,m9,Pour_water
444171,34,38,53,m9,Pour_water
444172,34,40,52,m9,Pour_water
444173,33,40,51,m9,Pour_water
444174,33,40,52,m9,Pour_water
444175,34,39,51,m9,Pour_water
444176,33,40,52,m9,Pour_water
444177,33,40,51,m9,Pour_water
444178,34,39,52,m9,Pour_water
444179,34,40,52,m9,Pour_water
444180,33,40,51,m9,Pour_water
444181,33,40,51,m9,Pour_water
444182,33,38,51,m9,Pour_water
444183,33,39,51,m9,Pour_water
444184,34,39,53,m9,Pour_water
444185,34,38,51,m9,Pour_water
444186,33,40,52,m9,Pour_water
444187,35,39,50,m9,Pour_water
444188,34,40,52,m9,Pour_water
444189,33,40,51,m9,Pour_water
444190,33,39,52,m9,Pour_water
444191,32,40,51,m9,Pour_water
444192,32,40,51,m9,Pour_water
444193,34,39,51,m9,Pour_water
444194,34,40,51,m9,Pour_water
444195,34,39,52,m9,Pour_water
444196,33,39,51,m9,Pour_water
444197,34,40,52,m9,Pour_water
444198,34,39,52,m9,Pour_water
444199,34,40,51,m9,Pour_water
444200,33,39,51,m9,Pour_water
444201,33,41,52,m9,Pour_water
444202,33,40,51,m9,Pour_water
444203,34,39,52,m9,Pour_water
444204,32,39,52,m9,Pour_water
444205,32,39,51,m9,Pour_water
444206,33,39,51,m9,Pour_water
444207,34,40,52,m9,Pour_water
444208,34,39,52,m9,Pour_water
444209,33,40,51,m9,Pour_water
444210,34,40,52,m9,Pour_water
444211,33,40,52,m9,Pour_water
444212,33,39,51,m9,Pour_water
444213,33,41,52,m9,Pour_water
444214,33,40,52,m9,Pour_water
444215,33,39,52,m9,Pour_water
444216,32,39,52,m9,Pour_water
444217,33,40,51,m9,Pour_water
444218,33,40,51,m9,Pour_water
444219,33,40,51,m9,Pour_water
444220,32,40,52,m9,Pour_water
444221,32,39,52,m9,Pour_water
444222,33,39,51,m9,Pour_water
444223,33,39,52,m9,Pour_water
444224,33,40,52,m9,Pour_water
444225,33,38,52,m9,Pour_water
444226,34,40,52,m9,Pour_water
444227,33,40,51,m9,Pour_water
444228,34,41,51,m9,Pour_water
444229,33,39,52,m9,Pour_water
444230,33,39,52,m9,Pour_water
444231,35,39,51,m9,Pour_water
444232,33,42,52,m9,Pour_water
444233,32,39,52,m9,Pour_water
444234,32,38,52,m9,Pour_water
444235,33,40,52,m9,Pour_water
444236,33,39,52,m9,Pour_water
444237,34,39,52,m9,Pour_water
444238,35,39,52,m9,Pour_water
444239,33,40,52,m9,Pour_water
444240,33,39,51,m9,Pour_water
444241,34,40,51,m9,Pour_water
444242,33,40,52,m9,Pour_water
444243,33,41,51,m9,Pour_water
444244,33,39,51,m9,Pour_water
444245,34,40,52,m9,Pour_water
444246,33,39,52,m9,Pour_water
444247,33,40,52,m9,Pour_water
444248,34,39,52,m9,Pour_water
444249,33,39,51,m9,Pour_water
444250,33,40,51,m9,Pour_water
444251,33,39,52,m9,Pour_water
444252,34,40,52,m9,Pour_water
444253,33,40,51,m9,Pour_water
444254,34,38,51,m9,Pour_water
444255,32,39,52,m9,Pour_water
444256,33,38,51,m9,Pour_water
444257,33,40,51,m9,Pour_water
444258,33,39,51,m9,Pour_water
444259,34,39,52,m9,Pour_water
444260,33,39,52,m9,Pour_water
444261,34,39,51,m9,Pour_water
444262,34,40,52,m9,Pour_water
444263,33,41,52,m9,Pour_water
444264,33,39,51,m9,Pour_water
444265,33,39,52,m9,Pour_water
444266,32,41,52,m9,Pour_water
444267,34,39,51,m9,Pour_water
444268,35,40,52,m9,Pour_water
444269,33,41,52,m9,Pour_water
444270,33,37,55,m9,Pour_water
444271,32,39,52,m9,Pour_water
444272,34,38,52,m9,Pour_water
444273,35,39,52,m9,Pour_water
444274,36,39,52,m9,Pour_water
444275,36,41,51,m9,Pour_water
444276,36,38,52,m9,Pour_water
444277,34,38,51,m9,Pour_water
444278,38,39,52,m9,Pour_water
444279,38,39,52,m9,Pour_water
444280,37,38,52,m9,Pour_water
444281,37,40,51,m9,Pour_water
444282,38,39,51,m9,Pour_water
444283,38,41,51,m9,Pour_water
444284,39,42,50,m9,Pour_water
444285,39,42,51,m9,Pour_water
444286,39,42,51,m9,Pour_water
444287,40,40,50,m9,Pour_water
444288,40,42,50,m9,Pour_water
444289,42,38,51,m9,Pour_water
444290,44,36,49,m9,Pour_water
444291,41,39,49,m9,Pour_water
444292,40,38,48,m9,Pour_water
444293,39,37,48,m9,Pour_water
444294,38,39,49,m9,Pour_water
444295,38,39,49,m9,Pour_water
444296,38,39,49,m9,Pour_water
444297,38,40,50,m9,Pour_water
444298,38,40,50,m9,Pour_water
444299,37,38,51,m9,Pour_water
444300,38,38,52,m9,Pour_water
444301,36,39,52,m9,Pour_water
444302,38,40,52,m9,Pour_water
444303,39,44,50,m9,Pour_water
444304,39,40,51,m9,Pour_water
444305,37,41,50,m9,Pour_water
444306,37,41,49,m9,Pour_water
444307,37,39,50,m9,Pour_water
444308,36,42,51,m9,Pour_water
444309,37,41,54,m9,Pour_water
444310,35,41,54,m9,Pour_water
444311,38,40,53,m9,Pour_water
444312,37,40,53,m9,Pour_water
444313,38,40,52,m9,Pour_water
444314,38,39,51,m9,Pour_water
444315,37,38,51,m9,Pour_water
444316,38,36,51,m9,Pour_water
444317,36,37,50,m9,Pour_water
444318,37,35,49,m9,Pour_water
444319,37,36,50,m9,Pour_water
444320,36,33,51,m9,Pour_water
444321,37,33,51,m9,Pour_water
444322,38,33,52,m9,Pour_water
444323,36,33,52,m9,Pour_water
444324,36,31,53,m9,Pour_water
444325,34,31,52,m9,Pour_water
444326,36,31,54,m9,Pour_water
444327,35,31,53,m9,Pour_water
444328,36,30,52,m9,Pour_water
444329,35,30,52,m9,Pour_water
444330,35,29,52,m9,Pour_water
444331,34,30,52,m9,Pour_water
444332,33,29,52,m9,Pour_water
444333,33,27,52,m9,Pour_water
444334,33,27,52,m9,Pour_water
444335,33,28,52,m9,Pour_water
444336,32,27,51,m9,Pour_water
444337,33,26,52,m9,Pour_water
444338,33,26,52,m9,Pour_water
444339,32,26,51,m9,Pour_water
444340,31,25,51,m9,Pour_water
444341,32,26,52,m9,Pour_water
444342,32,25,52,m9,Pour_water
444343,32,25,51,m9,Pour_water
444344,31,23,52,m9,Pour_water
444345,31,25,51,m9,Pour_water
444346,31,24,51,m9,Pour_water
444347,31,23,50,m9,Pour_water
444348,31,23,51,m9,Pour_water
444349,30,23,50,m9,Pour_water
444350,31,22,51,m9,Pour_water
444351,31,21,51,m9,Pour_water
444352,30,22,50,m9,Pour_water
444353,30,21,51,m9,Pour_water
444354,30,22,50,m9,Pour_water
444355,31,22,50,m9,Pour_water
444356,32,22,50,m9,Pour_water
444357,29,22,49,m9,Pour_water
444358,30,22,51,m9,Pour_water
444359,30,22,49,m9,Pour_water
444360,29,23,50,m9,Pour_water
444361,30,23,49,m9,Pour_water
444362,31,23,49,m9,Pour_water
444363,30,21,50,m9,Pour_water
444364,29,22,48,m9,Pour_water
444365,30,22,50,m9,Pour_water
444366,29,22,49,m9,Pour_water
444367,30,22,49,m9,Pour_water
444368,29,21,50,m9,Pour_water
444369,29,22,49,m9,Pour_water
444370,30,22,50,m9,Pour_water
444371,30,22,49,m9,Pour_water
444372,30,21,50,m9,Pour_water
444373,30,21,49,m9,Pour_water
444374,29,21,48,m9,Pour_water
444375,29,19,49,m9,Pour_water
444376,29,20,50,m9,Pour_water
444377,30,22,49,m9,Pour_water
444378,30,21,49,m9,Pour_water
444379,29,21,49,m9,Pour_water
444380,28,21,49,m9,Pour_water
444381,28,20,48,m9,Pour_water
444382,30,21,49,m9,Pour_water
444383,29,19,49,m9,Pour_water
444384,29,20,49,m9,Pour_water
444385,29,20,49,m9,Pour_water
444386,29,20,49,m9,Pour_water
444387,29,19,50,m9,Pour_water
444388,30,21,48,m9,Pour_water
444389,30,20,49,m9,Pour_water
444390,30,21,48,m9,Pour_water
444391,28,21,50,m9,Pour_water
444392,28,22,49,m9,Pour_water
444393,29,20,48,m9,Pour_water
444394,29,21,49,m9,Pour_water
444395,29,20,48,m9,Pour_water
444396,28,21,48,m9,Pour_water
444397,30,22,50,m9,Pour_water
444398,30,21,48,m9,Pour_water
444399,29,20,49,m9,Pour_water
444400,29,21,49,m9,Pour_water
444401,29,21,48,m9,Pour_water
444402,29,20,49,m9,Pour_water
444403,29,20,48,m9,Pour_water
444404,29,21,49,m9,Pour_water
444405,30,21,49,m9,Pour_water
444406,30,20,49,m9,Pour_water
444407,29,20,49,m9,Pour_water
444408,30,21,49,m9,Pour_water
444409,29,21,48,m9,Pour_water
444410,31,21,49,m9,Pour_water
444411,30,23,49,m9,Pour_water
444412,29,22,49,m9,Pour_water
444413,31,23,50,m9,Pour_water
444414,29,21,49,m9,Pour_water
444415,29,23,50,m9,Pour_water
444416,29,22,50,m9,Pour_water
444417,29,22,50,m9,Pour_water
444418,30,23,50,m9,Pour_water
444419,28,22,50,m9,Pour_water
444420,31,22,50,m9,Pour_water
444421,31,22,51,m9,Pour_water
444422,29,23,50,m9,Pour_water
444423,29,23,50,m9,Pour_water
444424,29,23,50,m9,Pour_water
444425,32,23,50,m9,Pour_water
444426,31,23,51,m9,Pour_water
444427,30,25,51,m9,Pour_water
444428,30,25,51,m9,Pour_water
444429,32,24,51,m9,Pour_water
444430,32,26,52,m9,Pour_water
444431,32,24,52,m9,Pour_water
444432,31,28,52,m9,Pour_water
444433,32,25,53,m9,Pour_water
444434,32,27,53,m9,Pour_water
444435,34,28,53,m9,Pour_water
444436,34,27,53,m9,Pour_water
444437,34,28,53,m9,Pour_water
444438,35,30,52,m9,Pour_water
444439,36,30,52,m9,Pour_water
444440,34,30,51,m9,Pour_water
444441,36,30,51,m9,Pour_water
444442,37,31,52,m9,Pour_water
444443,37,32,50,m9,Pour_water
444444,37,33,51,m9,Pour_water
444445,38,34,50,m9,Pour_water
444446,39,35,50,m9,Pour_water
444447,38,36,50,m9,Pour_water
444448,38,35,51,m9,Pour_water
444449,38,39,51,m9,Pour_water
444450,38,37,51,m9,Pour_water
444451,39,39,52,m9,Pour_water
444452,38,40,53,m9,Pour_water
444453,39,39,51,m9,Pour_water
444454,38,40,52,m9,Pour_water
444455,37,40,52,m9,Pour_water
444456,37,41,52,m9,Pour_water
444457,37,40,52,m9,Pour_water
444458,38,41,52,m9,Pour_water
444459,37,39,51,m9,Pour_water
444460,37,41,52,m9,Pour_water
444461,38,39,52,m9,Pour_water
444462,38,41,51,m9,Pour_water
444463,38,40,52,m9,Pour_water
444464,37,39,51,m9,Pour_water
444465,37,40,51,m9,Pour_water
444466,38,40,51,m9,Pour_water
444467,38,41,52,m9,Pour_water
444468,37,40,50,m9,Pour_water
444469,37,41,50,m9,Pour_water
444470,38,40,51,m9,Pour_water
444471,37,41,51,m9,Pour_water
444472,38,40,50,m9,Pour_water
444473,38,40,51,m9,Pour_water
444474,39,39,50,m9,Pour_water
444475,39,42,50,m9,Pour_water
444476,37,40,50,m9,Pour_water
444477,39,41,51,m9,Pour_water
444478,38,43,50,m9,Pour_water
444479,38,40,50,m9,Pour_water
444480,39,40,51,m9,Pour_water
444481,38,43,50,m9,Pour_water
444482,38,41,50,m9,Pour_water
444483,37,41,51,m9,Pour_water
444484,37,42,50,m9,Pour_water
444485,37,40,51,m9,Pour_water
444486,37,42,52,m9,Pour_water
444487,38,41,50,m9,Pour_water
444488,37,41,50,m9,Pour_water
444489,36,41,50,m9,Pour_water
444490,35,41,49,m9,Pour_water
444491,34,44,48,m9,Pour_water
444492,34,37,49,m9,Pour_water
444493,36,42,51,m9,Pour_water
444494,39,44,53,m9,Pour_water
444495,39,41,47,m9,Pour_water
444496,40,39,50,m9,Pour_water
444497,40,41,54,m9,Pour_water
444498,40,37,49,m9,Pour_water
444499,41,36,49,m9,Pour_water
444500,39,33,53,m9,Pour_water
444501,39,32,48,m9,Pour_water
444502,40,33,48,m9,Pour_water
444503,38,32,49,m9,Pour_water
444504,36,40,56,m9,Pour_water
444505,34,47,53,m9,Pour_water
444506,34,33,54,m9,Pour_water
444507,34,38,60,m9,Pour_water
444508,33,39,52,m9,Pour_water
444509,33,37,52,m9,Pour_water
444510,34,35,51,m9,Pour_water
444511,33,39,51,m9,Pour_water
444512,33,38,56,m9,Pour_water
444513,33,37,52,m9,Pour_water
444514,31,36,52,m9,Pour_water
444515,31,37,53,m9,Pour_water
444516,33,36,51,m9,Pour_water
444517,33,37,52,m9,Pour_water
444518,34,39,53,m9,Pour_water
444519,33,38,52,m9,Pour_water
444520,31,37,52,m9,Pour_water
444521,33,36,52,m9,Pour_water
444522,34,37,51,m9,Pour_water
444523,33,35,53,m9,Pour_water
444524,32,34,52,m9,Pour_water
444525,32,37,52,m9,Pour_water
444526,33,38,53,m9,Pour_water
444527,33,39,52,m9,Pour_water
444528,33,36,53,m9,Pour_water
444529,32,36,51,m9,Pour_water
444530,34,38,51,m9,Pour_water
444531,33,38,52,m9,Pour_water
444532,33,38,52,m9,Pour_water
444533,33,37,52,m9,Pour_water
444534,33,38,53,m9,Pour_water
444535,33,37,53,m9,Pour_water
444536,33,37,52,m9,Pour_water
444537,34,38,52,m9,Pour_water
444538,34,37,52,m9,Pour_water
449541,34,40,51,m9,Pour_water
449542,33,40,52,m9,Pour_water
449543,33,41,52,m9,Pour_water
449544,32,39,50,m9,Pour_water
449545,34,40,52,m9,Pour_water
449546,32,40,51,m9,Pour_water
449547,34,39,52,m9,Pour_water
449548,34,39,52,m9,Pour_water
449549,33,40,52,m9,Pour_water
449550,35,40,52,m9,Pour_water
449551,33,39,52,m9,Pour_water
449552,33,38,51,m9,Pour_water
449553,34,39,51,m9,Pour_water
449554,34,40,51,m9,Pour_water
449555,33,40,51,m9,Pour_water
449556,34,41,51,m9,Pour_water
449557,33,40,52,m9,Pour_water
449558,33,39,52,m9,Pour_water
449559,33,41,51,m9,Pour_water
449560,33,39,52,m9,Pour_water
449561,34,39,52,m9,Pour_water
449562,33,40,51,m9,Pour_water
449563,33,39,51,m9,Pour_water
449564,33,39,52,m9,Pour_water
449565,34,41,51,m9,Pour_water
449566,33,40,52,m9,Pour_water
449567,34,39,51,m9,Pour_water
449568,34,40,51,m9,Pour_water
449569,34,40,51,m9,Pour_water
449570,34,40,52,m9,Pour_water
449571,33,39,52,m9,Pour_water
449572,33,40,51,m9,Pour_water
449573,33,39,52,m9,Pour_water
449574,34,39,51,m9,Pour_water
449575,34,40,51,m9,Pour_water
449576,34,41,51,m9,Pour_water
449577,34,41,52,m9,Pour_water
449578,34,40,51,m9,Pour_water
449579,34,40,51,m9,Pour_water
449580,33,40,52,m9,Pour_water
449581,34,40,51,m9,Pour_water
449582,33,41,51,m9,Pour_water
449583,34,39,52,m9,Pour_water
449584,34,40,52,m9,Pour_water
449585,33,39,52,m9,Pour_water
449586,33,40,52,m9,Pour_water
449587,34,40,52,m9,Pour_water
449588,32,42,52,m9,Pour_water
449589,33,43,55,m9,Pour_water
449590,36,41,54,m9,Pour_water
449591,34,40,52,m9,Pour_water
449592,34,41,52,m9,Pour_water
449593,37,41,50,m9,Pour_water
449594,37,42,51,m9,Pour_water
449595,38,42,53,m9,Pour_water
449596,39,40,52,m9,Pour_water
449597,41,38,50,m9,Pour_water
449598,39,41,52,m9,Pour_water
449599,39,38,50,m9,Pour_water
449600,40,40,50,m9,Pour_water
449601,39,38,49,m9,Pour_water
449602,40,38,48,m9,Pour_water
449603,39,39,48,m9,Pour_water
449604,37,40,51,m9,Pour_water
449605,38,40,49,m9,Pour_water
449606,36,39,50,m9,Pour_water
449607,37,40,52,m9,Pour_water
449608,35,39,51,m9,Pour_water
449609,35,38,53,m9,Pour_water
449610,38,41,52,m9,Pour_water
449611,35,38,51,m9,Pour_water
449612,37,45,51,m9,Pour_water
449613,34,39,51,m9,Pour_water
449614,36,42,49,m9,Pour_water
449615,37,41,53,m9,Pour_water
449616,36,42,52,m9,Pour_water
449617,36,41,53,m9,Pour_water
449618,35,39,51,m9,Pour_water
449619,34,38,54,m9,Pour_water
449620,35,42,55,m9,Pour_water
449621,36,38,53,m9,Pour_water
449622,36,38,51,m9,Pour_water
449623,35,38,51,m9,Pour_water
449624,36,38,51,m9,Pour_water
449625,37,37,51,m9,Pour_water
449626,36,37,51,m9,Pour_water
449627,37,34,50,m9,Pour_water
449628,36,34,52,m9,Pour_water
449629,37,34,50,m9,Pour_water
449630,37,32,51,m9,Pour_water
449631,35,32,51,m9,Pour_water
449632,37,32,52,m9,Pour_water
449633,34,31,52,m9,Pour_water
449634,35,29,52,m9,Pour_water
449635,34,29,52,m9,Pour_water
449636,35,29,52,m9,Pour_water
449637,34,30,52,m9,Pour_water
449638,35,29,52,m9,Pour_water
449639,34,29,52,m9,Pour_water
449640,34,27,53,m9,Pour_water
449641,32,28,52,m9,Pour_water
449642,32,27,54,m9,Pour_water
449643,30,27,53,m9,Pour_water
449644,31,26,52,m9,Pour_water
449645,31,27,53,m9,Pour_water
449646,32,26,52,m9,Pour_water
449647,31,24,52,m9,Pour_water
449648,30,25,52,m9,Pour_water
449649,31,26,51,m9,Pour_water
449650,30,25,52,m9,Pour_water
449651,31,23,50,m9,Pour_water
449652,30,25,52,m9,Pour_water
449653,30,25,51,m9,Pour_water
449654,30,25,51,m9,Pour_water
449655,29,24,51,m9,Pour_water
449656,31,24,51,m9,Pour_water
449657,31,24,51,m9,Pour_water
449658,32,23,50,m9,Pour_water
449659,30,23,51,m9,Pour_water
449660,32,23,51,m9,Pour_water
449661,29,23,50,m9,Pour_water
449662,30,24,49,m9,Pour_water
449663,30,23,50,m9,Pour_water
449664,30,23,51,m9,Pour_water
449665,29,23,50,m9,Pour_water
449666,31,23,51,m9,Pour_water
449667,30,24,51,m9,Pour_water
449668,30,22,51,m9,Pour_water
449669,30,22,51,m9,Pour_water
449670,29,23,51,m9,Pour_water
449671,30,23,50,m9,Pour_water
449672,30,24,50,m9,Pour_water
449673,30,22,50,m9,Pour_water
449674,29,23,51,m9,Pour_water
449675,32,23,50,m9,Pour_water
449676,31,22,51,m9,Pour_water
449677,29,22,51,m9,Pour_water
449678,29,23,51,m9,Pour_water
449679,30,22,50,m9,Pour_water
449680,30,22,49,m9,Pour_water
449681,30,22,51,m9,Pour_water
449682,29,22,49,m9,Pour_water
449683,30,22,50,m9,Pour_water
449684,31,23,50,m9,Pour_water
449685,30,22,50,m9,Pour_water
449686,30,22,50,m9,Pour_water
449687,29,22,50,m9,Pour_water
449688,30,22,50,m9,Pour_water
449689,30,22,49,m9,Pour_water
449690,30,21,50,m9,Pour_water
449691,30,20,50,m9,Pour_water
449692,30,23,50,m9,Pour_water
449693,30,20,50,m9,Pour_water
449694,30,21,50,m9,Pour_water
449695,31,24,50,m9,Pour_water
449696,30,22,50,m9,Pour_water
449697,30,23,50,m9,Pour_water
449698,30,23,50,m9,Pour_water
449699,30,22,49,m9,Pour_water
449700,29,22,50,m9,Pour_water
449701,29,23,50,m9,Pour_water
449702,30,23,50,m9,Pour_water
449703,29,22,51,m9,Pour_water
449704,31,20,50,m9,Pour_water
449705,30,22,50,m9,Pour_water
449706,29,22,50,m9,Pour_water
449707,30,23,50,m9,Pour_water
449708,29,22,51,m9,Pour_water
449709,30,24,51,m9,Pour_water
449710,31,24,50,m9,Pour_water
449711,29,23,51,m9,Pour_water
449712,29,23,51,m9,Pour_water
449713,31,23,50,m9,Pour_water
449714,31,22,50,m9,Pour_water
449715,31,23,51,m9,Pour_water
449716,30,24,51,m9,Pour_water
449717,31,23,50,m9,Pour_water
449718,31,23,50,m9,Pour_water
449719,31,24,51,m9,Pour_water
449720,31,24,51,m9,Pour_water
449721,31,26,51,m9,Pour_water
449722,31,24,52,m9,Pour_water
449723,30,25,51,m9,Pour_water
449724,30,24,51,m9,Pour_water
449725,31,25,51,m9,Pour_water
449726,30,25,52,m9,Pour_water
449727,30,24,51,m9,Pour_water
449728,30,25,52,m9,Pour_water
449729,31,25,51,m9,Pour_water
449730,31,25,51,m9,Pour_water
449731,30,25,51,m9,Pour_water
449732,30,25,51,m9,Pour_water
449733,31,25,51,m9,Pour_water
449734,31,26,51,m9,Pour_water
449735,30,25,51,m9,Pour_water
449736,31,26,52,m9,Pour_water
449737,31,25,51,m9,Pour_water
449738,30,25,50,m9,Pour_water
449739,30,24,51,m9,Pour_water
449740,30,24,51,m9,Pour_water
449741,31,24,51,m9,Pour_water
449742,31,25,51,m9,Pour_water
449743,31,25,51,m9,Pour_water
449744,32,25,51,m9,Pour_water
449745,32,24,51,m9,Pour_water
449746,31,25,51,m9,Pour_water
449747,30,25,51,m9,Pour_water
449748,31,26,51,m9,Pour_water
449749,33,25,51,m9,Pour_water
449750,32,25,51,m9,Pour_water
449751,32,26,51,m9,Pour_water
449752,31,25,52,m9,Pour_water
449753,30,27,51,m9,Pour_water
449754,31,27,52,m9,Pour_water
449755,32,28,52,m9,Pour_water
449756,33,25,53,m9,Pour_water
449757,32,27,53,m9,Pour_water
449758,34,28,52,m9,Pour_water
449759,34,29,52,m9,Pour_water
449760,34,29,52,m9,Pour_water
449761,35,30,52,m9,Pour_water
449762,36,31,50,m9,Pour_water
449763,37,33,51,m9,Pour_water
449764,37,32,53,m9,Pour_water
449765,39,33,51,m9,Pour_water
449766,39,37,51,m9,Pour_water
449767,39,37,52,m9,Pour_water
449768,39,35,52,m9,Pour_water
449769,41,37,51,m9,Pour_water
449770,40,38,50,m9,Pour_water
449771,39,39,52,m9,Pour_water
449772,40,41,52,m9,Pour_water
449773,40,38,50,m9,Pour_water
449774,38,41,52,m9,Pour_water
449775,38,39,52,m9,Pour_water
449776,38,41,51,m9,Pour_water
449777,39,41,52,m9,Pour_water
449778,39,41,50,m9,Pour_water
449779,39,40,51,m9,Pour_water
449780,38,41,51,m9,Pour_water
449781,40,41,51,m9,Pour_water
449782,38,41,50,m9,Pour_water
449783,39,41,52,m9,Pour_water
449784,40,43,50,m9,Pour_water
449785,40,41,51,m9,Pour_water
449786,39,41,50,m9,Pour_water
449787,39,42,50,m9,Pour_water
449788,39,41,49,m9,Pour_water
449789,38,41,49,m9,Pour_water
449790,40,41,51,m9,Pour_water
449791,39,43,51,m9,Pour_water
449792,39,39,48,m9,Pour_water
449793,38,42,51,m9,Pour_water
449794,38,44,50,m9,Pour_water
449795,37,40,49,m9,Pour_water
449796,35,41,51,m9,Pour_water
449797,37,40,48,m9,Pour_water
449798,37,37,46,m9,Pour_water
449799,38,43,52,m9,Pour_water
449800,37,40,50,m9,Pour_water
449801,38,40,50,m9,Pour_water
449802,38,44,51,m9,Pour_water
449803,38,42,50,m9,Pour_water
449804,37,43,50,m9,Pour_water
449805,38,45,48,m9,Pour_water
449806,37,43,50,m9,Pour_water
449807,36,46,49,m9,Pour_water
449808,37,47,48,m9,Pour_water
449809,35,46,51,m9,Pour_water
449810,36,44,48,m9,Pour_water
449811,36,44,48,m9,Pour_water
449812,34,45,50,m9,Pour_water
449813,36,43,48,m9,Pour_water
449814,36,46,51,m9,Pour_water
449815,33,49,53,m9,Pour_water
449816,32,47,49,m9,Pour_water
449817,34,45,50,m9,Pour_water
449818,33,45,48,m9,Pour_water
449819,34,46,50,m9,Pour_water
449820,34,43,49,m9,Pour_water
449821,35,45,49,m9,Pour_water
449822,34,45,49,m9,Pour_water
449823,34,44,49,m9,Pour_water
449824,33,44,50,m9,Pour_water
449825,35,45,49,m9,Pour_water
449826,34,45,49,m9,Pour_water
449827,34,45,48,m9,Pour_water
449828,34,44,49,m9,Pour_water
449829,34,44,50,m9,Pour_water
449830,34,44,50,m9,Pour_water
449831,34,44,49,m9,Pour_water
449832,32,43,50,m9,Pour_water
449833,33,44,50,m9,Pour_water
449834,34,45,49,m9,Pour_water
449835,33,43,49,m9,Pour_water
449836,33,44,50,m9,Pour_water
449837,33,43,50,m9,Pour_water
449838,32,43,50,m9,Pour_water
449839,34,43,50,m9,Pour_water
449840,33,44,50,m9,Pour_water
449841,33,43,51,m9,Pour_water
449842,33,42,49,m9,Pour_water
449843,35,44,50,m9,Pour_water
449844,34,44,50,m9,Pour_water
449845,34,44,50,m9,Pour_water
449846,32,43,49,m9,Pour_water
449847,33,43,50,m9,Pour_water
449848,33,45,49,m9,Pour_water
449849,33,44,50,m9,Pour_water
449850,32,44,50,m9,Pour_water
449851,34,45,51,m9,Pour_water
449852,33,44,50,m9,Pour_water
449853,33,43,49,m9,Pour_water
449854,34,44,50,m9,Pour_water
449855,34,43,49,m9,Pour_water
449856,33,44,49,m9,Pour_water
449857,33,42,51,m9,Pour_water
449858,34,44,50,m9,Pour_water
449859,30,44,50,m9,Pour_water
449860,33,42,51,m9,Pour_water
449861,33,42,50,m9,Pour_water
449862,32,44,50,m9,Pour_water
449863,31,40,51,m9,Pour_water
449864,34,42,51,m9,Pour_water
449865,34,42,52,m9,Pour_water
449866,31,37,50,m9,Pour_water
449867,33,40,50,m9,Pour_water
449868,34,38,52,m9,Pour_water
449869,33,38,52,m9,Pour_water
449870,33,42,52,m9,Pour_water
449871,34,41,50,m9,Pour_water
449872,33,40,53,m9,Pour_water
449873,33,40,51,m9,Pour_water
449874,34,41,51,m9,Pour_water
449875,33,43,52,m9,Pour_water
449876,32,41,52,m9,Pour_water
